company,share
winegg makler gmbh,0.006415495032716801
3si makler gmbh,0.00528138672537345
ehl wohnen gmbh,0.0050756906108062735
immocontract immobilien vermittlung gmbh,0.004758807407283866
alexander ringsmuth gmbh,0.0036191397454927534
immo agency gmbh,0.002907542376179278
pepic holding gmbh,0.002724083679403148
infinity immo gmbh,0.002724083679403148
moser wohnbau & immobilien gmbh,0.002724083679403148
agenda bau und liegenschaftsverwertungs gmbh,0.002724083679403148
michaela-christina moser,0.0027185243249553863
margarete,0.0027185243249553863
alexander,0.0027185243249553863
benjamin forster,0.0027185243249553863
familie fiori,0.0027185243249553863
robert,0.0027185243249553863
tt,0.0027185243249553863
ing. andric,0.0027185243249553863
peter bous,0.0027185243249553863
dominic,0.0027185243249553863
wolfgang,0.0027185243249553863
christoph vavrik,0.0027185243249553863
johannes,0.0027185243249553863
mein grund und boden,0.0027185243249553863
regina,0.0027185243249553863
erik,0.0027185243249553863
leon-bau gmbh,0.0027185243249553863
christina,0.0027185243249553863
,0.0027185243249553863
franz schrittwieser,0.0027185243249553863
lifestone gmbh,0.0027185243249553863
löw reiter & partner immobilien gmbh,0.0027185243249553863
valter,0.0027185243249553863
michael haidl,0.0027185243249553863
privat,0.0027185243249553863
cristina adria,0.0027185243249553863
wohnung neubau,0.0027185243249553863
s.s.,0.0027185243249553863
s.,0.0027185243249553863
jasko,0.0027185243249553863
ben,0.0027185243249553863
wieden,0.0027185243249553863
teodora schuster,0.0027185243249553863
zeljko,0.0027185243249553863
trovato gmbh,0.0027185243249553863
armin müllner,0.0027185243249553863
hestia estate gmbh,0.0027185243249553863
tuchny karl,0.0027185243249553863
danijel,0.0027185243249553863
majer immobilien gmbh,0.0027185243249553863
dani,0.0027185243249553863
marco,0.0027185243249553863
evelyn kretschmer,0.0027185243249553863
helene,0.0027185243249553863
klemens bittmann,0.0027185243249553863
mark,0.0027185243249553863
prem lukas,0.0027185243249553863
dario kaurin,0.0027185243249553863
thomas,0.0027185243249553863
sabine essl,0.0027185243249553863
metris invest,0.0027185243249553863
mirkan öncel,0.0027185243249553863
notariat-währing,0.0027185243249553863
denise und timo,0.0027185243249553863
eveline,0.0027185243249553863
friedl,0.0027185243249553863
sonja siegrun,0.0027185243249553863
dragana,0.0027185243249553863
phil,0.0027185243249553863
mag. michael steger - ihr immobilienmakler!,0.0027185243249553863
juliane,0.0027185243249553863
paul,0.0027185243249553863
renata,0.0027185243249553863
immobilienverwaltung zickler,0.0027185243249553863
claus,0.0027185243249553863
revival immobilien gmbh,0.0027185243249553863
lu,0.0027185243249553863
christian wilhelm,0.0027185243249553863
aurelio nitsche,0.0027185243249553863
peter schoibl,0.0027185243249553863
joseph,0.0027185243249553863
mario,0.0027185243249553863
katharina,0.0027185243249553863
max wiener,0.0027185243249553863
josef pungersek,0.0027185243249553863
christian,0.0027185243249553863
peter morri,0.0027185243249553863
iris,0.0027185243249553863
mf,0.0027185243249553863
jongmin kim,0.0027185243249553863
szabo immobilien,0.0027185243249553863
crotrina immobilien gmbh,0.0027185243249553863
andrea engel,0.0027185243249553863
wohnung innere stadt,0.0027185243249553863
sofia,0.0027185243249553863
leopold stadt,0.0027185243249553863
harald,0.0027185243249553863
susanne klepsch,0.0027185243249553863
sula,0.0027185243249553863
geschäftsführung dipl.ing.welley gmbh,0.0027185243249553863
reinhard burgmann,0.0027185243249553863
günther zoppelt,0.0027185243249553863
daniel,0.0027185243249553863
lisa,0.0027185243249553863
familienwohnung,0.0027185243249553863
anna,0.0027185243249553863
claudia houben,0.0027185243249553863
michelle,0.0027185243249553863
self employed privat,0.0027185243249553863
axel luxardo,0.0027185243249553863
dieter moertenhuber,0.0027185243249553863
mag. boris klutz,0.0027185243249553863
erich,0.0027185243249553863
gerald bachmayer,0.0027185243249553863
adelhard_wtsp_68181423320,0.0027185243249553863
ramona la garde,0.0027185243249553863
michael,0.0027185243249553863
regina hammer,0.0027185243249553863
ioan,0.0027185243249553863
julia rappl,0.0027185243249553863
doris,0.0027185243249553863
markus singer,0.0027185243249553863
orea gmbh,0.0027185243249553863
monika,0.0027185243249553863
elena shved,0.0027185243249553863
germania,0.0027185243249553863
alena,0.0027185243249553863
susanne,0.0027185243249553863
susanna,0.0027185243249553863
t. g.,0.0027185243249553863
onur ayaz,0.0027185243249553863
u.k.,0.0027185243249553863
heike,0.0027185243249553863
marina,0.0027185243249553863
magda,0.0027185243249553863
bo ma,0.0027185243249553863
stefan,0.0027185243249553863
gernot götzinger,0.0027185243249553863
prestige apartments,0.0027185243249553863
christine scharinger,0.0027185243249553863
matthias zackl,0.0027185243249553863
werner,0.0027185243249553863
michael riedl,0.0027185243249553863
heinrich mathis,0.0027185243249553863
josef suppan,0.0027185243249553863
doris valentin,0.0027185243249553863
dheere immobilien,0.0027185243249553863
roha,0.0027185243249553863
heni,0.0027185243249553863
irena mag. (fh) kosic,0.0027185243249553863
florian,0.0027185243249553863
ca,0.0027185243249553863
kryz,0.0027185243249553863
daniela haeusler,0.0027185243249553863
gerhard hofer,0.0027185243249553863
rafael rafael,0.0027185243249553863
ingrid hrusa-hrabec,0.0027185243249553863
nadja,0.0027185243249553863
nepomuk,0.0027185243249553863
alfred auer,0.0027185243249553863
sonja rammel,0.0027185243249553863
reinhard,0.0027185243249553863
lina d.,0.0027185243249553863
klaus stingl,0.0027185243249553863
mag. verena lamnek,0.0027185243249553863
laura,0.0027185243249553863
simon,0.0027185243249553863
peter,0.0027185243249553863
clemens,0.0027185243249553863
walter matzinger,0.0027185243249553863
andreas bläumauer,0.0027185243249553863
wohntraum,0.0027185243249553863
ovidiu berende,0.0027185243249553863
sonja,0.0027185243249553863
patrick frankl,0.0027185243249553863
areos development gmbh,0.0027185243249553863
ch,0.0027185243249553863
rina,0.0027185243249553863
eva huppert,0.0027185243249553863
christophe,0.0027185243249553863
mag. christian ender,0.0027185243249553863
manfred,0.0027185243249553863
tony,0.0027185243249553863
a. louer,0.0027185243249553863
f + b privatstiftung,0.0027185243249553863
wolfgang pirker,0.0027185243249553863
alfred h. fritz immobilien,0.0027185243249553863
ram² immobilien,0.0027185243249553863
georg unger,0.0027185243249553863
nusko,0.0027185243249553863
lav,0.0027185243249553863
fabian fürst,0.0027185243249553863
user,0.0027185243249553863
j.c.,0.0027185243249553863
nikolaj prodan,0.0027185243249553863
daryoush voshmgir,0.0027185243249553863
mcp consulting gmbh,0.0027185243249553863
maximilian mohr,0.0027185243249553863
petra k.,0.0027185243249553863
dejan,0.0027185243249553863
walter r.,0.0027185243249553863
thomas etlinger,0.0027185243249553863
achim,0.0027185243249553863
christian p,0.0027185243249553863
fp,0.0027185243249553863
roman pevny,0.0027185243249553863
sara c,0.0027185243249553863
andras,0.0027185243249553863
philipp,0.0027185243249553863
jürgen eichberger,0.0027185243249553863
barwert immo,0.0027185243249553863
ingol,0.0027185243249553863
t.p,0.0027185243249553863
norbert,0.0027185243249553863
robert hejda,0.0027185243249553863
ursula,0.0027185243249553863
privatverkauf,0.0027185243249553863
hirschl und partner immobilien,0.0027185243249553863
bernhard t.,0.0027185243249553863
faudon immobilien gmbh,0.0027185243249553863
me,0.0027185243249553863
leitner real immobilientreuhand ges.m.b.h.,0.0027185243249553863
eva,0.0027185243249553863
stephan,0.0027185243249553863
faustmann&kharazie familienunternehmen bestehend seit 36 jahren,0.0027185243249553863
valentin gruber,0.0027185243249553863
wilhelm,0.0027185243249553863
todor todorov,0.0027185243249553863
erste familie senator stiftung martina hofmann,0.0027185243249553863
verkäufer,0.0027185243249553863
franz guggenberger,0.0027185243249553863
elisabeth gordon,0.0027185243249553863
gi k,0.0027185243249553863
realbüro dr. c. huber,0.0027185243249553863
jennifer,0.0027185243249553863
ingo huber,0.0027185243249553863
bross immo,0.0027185243249553863
p.m.,0.0027185243249553863
hannah friedl,0.0027185243249553863
basic,0.0027185243249553863
rainer raimann,0.0027185243249553863
johannes ellersdorfer,0.0027185243249553863
lukas zierhut,0.0027185243249553863
fam. weiß,0.0027185243249553863
sb,0.0027185243249553863
daniela,0.0027185243249553863
su,0.0027185243249553863
markus,0.0027185243249553863
björn,0.0027185243249553863
linda jagenbrein,0.0027185243249553863
aa,0.0027185243249553863
erhan,0.0027185243249553863
p. sowa,0.0027185243249553863
roland ernst,0.0027185243249553863
gerhard,0.0027185243249553863
betül yesil,0.0027185243249553863
karin,0.0027185243249553863
ah,0.0027185243249553863
julius schöffer,0.0027185243249553863
erhard hofbauer,0.0027185243249553863
sofie ahrari,0.0027185243249553863
stefanie metonou,0.0027185243249553863
barbara m.,0.0027185243249553863
jürgen,0.0027185243249553863
capitalplus management gmbh,0.0027185243249553863
frau kral,0.0027185243249553863
seyyed,0.0027185243249553863
florian haydn,0.0027185243249553863
zumglück immobilienmanagement gmbh,0.0027185243249553863
diana,0.0027185243249553863
gerhard minychthaler,0.0027185243249553863
michael degen,0.0027185243249553863
johann gahr,0.0027185243249553863
karl und silvia eckerl,0.0027185243249553863
david-el chnimov,0.0027185243249553863
martin höcher,0.0027185243249553863
m. friedman,0.0027185243249553863
karl gundacker,0.0027185243249553863
annalena,0.0027185243249553863
andreas,0.0027185243249553863
sepp,0.0027185243249553863
conrad bauer,0.0027185243249553863
anna zhevakina,0.0027185243249553863
dr. forsthuber immobilien gesmbh,0.0027185243249553863
zeynep,0.0027185243249553863
trhs,0.0027185243249553863
mag. wögerer immobilien,0.0027185243249553863
pia schelling,0.0027185243249553863
nico g.,0.0027185243249553863
david,0.0027185243249553863
kitty r.,0.0027185243249553863
maciej boltryk,0.0027185243249553863
icordo gmbh,0.0027185243249553863
günter,0.0027185243249553863
sandwirtgasse 10,0.0027185243249553863
gernot schwabl,0.0027185243249553863
pk,0.0027185243249553863
heidi halada,0.0027185243249553863
mag. margareta krammer,0.0027185243249553863
matthias s,0.0027185243249553863
phillip,0.0027185243249553863
dm,0.0027185243249553863
marco p.,0.0027185243249553863
robert huber,0.0027185243249553863
sabina buchner-rohringer,0.0027185243249553863
"i.e.t. immobilien, dr. veronika gschwentner",0.0027185243249553863
bettina,0.0027185243249553863
"lukas stefan,msc",0.0027185243249553863
aline,0.0027185243249553863
m.p.m,0.0027185243249553863
arno schreiber,0.0027185243249553863
fr klieb,0.0027185243249553863
sandra bartl,0.0027185243249553863
boom living gmbh,0.0026573714260300094
piment immobilien & investment gmbh,0.0026295746537912017
riwog real estate management gmbh,0.0025628624004180632
familienwohnbau gemeinnützige bau- und siedlungsges.m.b.h.,0.002312691450268795
viertel zwei krieau gmbh,0.0022348604880001333
sangreal properties immobilientreuhand gmbh,0.002229301133552372
im lifestyle properties gmbh,0.002134792107940426
t19-re real estate gmbh & co kg # vendita gmbh,0.0018345869677613036
immocity real estate gmbh,0.0017956714866269729
schantl ith immobilientreuhand gmbh,0.001723399878806073
t19-re real estate gmbh & co kg # gesebe1 gmbh,0.0016566876254329348
haring immobilientreuhand gmbh,0.0016455689165374118
moritz immobilien,0.0016455689165374118
kuhn immobilien gmbh,0.0015844160176120348
austria sotheby's international realty,0.001512144409791135
stadtquartier home gmbh,0.001512144409791135
bertrand kaufmann immobilienmakler gmbh,0.0014454321564179968
dr. funk immobilien gmbh & co kg,0.0014231947386269506
ösw konzern,0.001406516675283666
t19-re real estate gmbh & co kg # pomale gmbh,0.0012730921685373895
raiffeisen vorsorge wohnung gmbh,0.001267532814089628
t19-re real estate gmbh & co kg # future alpha one gmbh,0.0012286173329552972
t19-re real estate gmbh & co kg # future alpha three gmbh,0.001161905079582159
otto immobilien wohnen,0.0011563457251343974
engelreal immobilien gmbh,0.0010951928262090205
fairin og,0.0010840741173134977
novel real immobilien gmbh,0.0010785147628657361
familienwohnbau gemeinnützige bau- und siedlungsgesellschaft m.b.h.,0.0010729554084179746
ma.st immobilien & design e.u.,0.001067396053970213
realbrokers dienstleistungs gmbh & co kg,0.0009951244461493132
dpm immo gmbh,0.0009895650917015517
mercato immobilien gmbh,0.0009895650917015517
wb immoagentur e.u.,0.0009784463828060286
raumwert immobilien gmbh,0.0009784463828060286
crownd estates service gmbh,0.0009450902561194594
buwog group abt. einzelwohnungsverkauf,0.0009395309016716979
feine immobilien immobilienvermittlungsagentur gmbh,0.0009395309016716979
edex immobilien gmbh,0.0008950560660896057
estina immobilien gmbh,0.0008894967116418441
decus immobilien gmbh,0.0008894967116418441
fermoso immobilientreuhand gmbh,0.0008839373571940826
birnleitner immobilien gmbh,0.000878378002746321
alvarea immobilien gmbh,0.0008728186482985596
ubm development österreich gmbh,0.0008728186482985596
4m immobilien&consulting gmbh & co kg,0.0008616999394030365
boe baumanagement gesellschaft m.b.h.,0.0008450218760597519
viennaestate makler gmbh,0.0008450218760597519
wohnkonzept real estate gmbh,0.0008339031671642288
impuls immobilien,0.0008116657493731828
spörk und partner bauträger gmbh,0.0008116657493731828
t19-re real estate gmbh & co kg # stewobe1 gmbh,0.0007949876860298982
denich-real immobilien gmbh,0.0007671909137910906
tom krauss immo gmbh,0.0007671909137910906
hösch immobilien gmbh,0.000750512850447806
optin immobilien gmbh,0.0007393941415522829
reas realitäten asmus gmbh,0.0007282754326567599
immoexpress kg,0.0007171567237612369
omerovic immobilien gmbh,0.0007115973693134753
secureal dr. schima kg,0.0007060380148657138
auventum gmbh,0.0006893599515224292
myreal immobilien gmbh,0.0006893599515224292
classy-living gmbh,0.0006726818881791447
reischel immobilien gmbh,0.0006393257614925755
otto immobilien gmbh,0.0006393257614925755
geiger immobilien wien gmbh,0.0006393257614925755
steindl & herzel immobilien og,0.000633766407044814
thurner realitäten gmbh,0.000633766407044814
jp immobilien,0.000633766407044814
alfred x. kiesling - immobilien,0.0006282070525970525
dr. max huber realbüro,0.0006226476981492909
schiffer immobilien gmbh,0.0006226476981492909
ortmann's immoselect gmbh & co kg,0.0006226476981492909
t19-re real estate gmbh & co kg # future alpha two gmbh,0.0006115289892537678
b2c team realtrade immobilien vermittlungs gmbh,0.0006115289892537678
fsr immobilienvermarktungs- u. -beteiligungs gmbh,0.0006115289892537678
bero immobilien gmbh,0.0006004102803582448
kr real gmbh,0.0005948509259104832
wolf & sohn immobilien gmbh,0.0005670541536716756
ideal real immobilien gmbh,0.0005614947992239141
"rustler immobilientreuhand / 1210 wien, wagramer straße 195",0.0005559354447761526
coricon immobilien,0.0005392573814328681
atrium global investment,0.000528138672537345
raiffeisen immobilien vermittlung ges.m.b.h,0.0005003419002985373
donau-immobilien diehausberater24 gmbh & co kg,0.0004892231914030143
wohn3 team gmbh,0.0004892231914030143
blickfang immobilien gmbh,0.0004836638369552528
"rustler immobilientreuhand / mariahilfer straße 196, 1150 wien",0.0004836638369552528
tristar immobilien,0.00046698577361196816
glorit bausysteme gmbh,0.00045586706471644514
isidex gmbh,0.0004503077102686836
"rustler immobilientreuhand / 1150 wien, mariahilfer straße 196",0.00044474835582092206
barley's real estate & relocation,0.0004391890013731605
akkadia immobilienvermittlung gmbh,0.0004280702924776375
rauch immobilien gmbh,0.0004169515835821144
marschall immobilien gmbh,0.0004169515835821144
w7 immobilien i bürocenter west idk austria,0.00041139222913435294
t19-re real estate gmbh & co kg # teamneunzehn.at vermittlungs gmbh,0.00041139222913435294
buwog group gmbh,0.00040027352023882986
engel & völkers wien mmc,0.00040027352023882986
7d bauträger gmbh,0.0003835954568955453
valmacor immobilientreuhand gmbh,0.00037803610244778376
immo-company haas & urban immobilien gmbh,0.00037803610244778376
elisabeth rohr real estate e.u.,0.0003724767480000222
kdh immobilien gmbh,0.00036691739355226074
luxury immobilien gmbh,0.00035579868465673766
mischek bauträger service gmbh,0.00035579868465673766
planethome immobilien austria gmbh,0.0003502393302089761
dr. vospernik immobilien gmbh,0.0003502393302089761
raiffeisen wohnbau,0.0003502393302089761
adamant immobilien gmbh,0.0003446799757612146
yellowbird immobilienmakler gmbh,0.0003446799757612146
4 keys real estate gmbh,0.0003391206213134531
seifert maxian partner immobilientreuhand gmbh & co kg,0.00033356126686569156
raab & partner immobilien gmbh,0.00033356126686569156
region wien & nö ost,0.00032800191241793
s-commerz immobilienvermittlung gmbh,0.0003224425579701685
neutor real gmbh,0.0003224425579701685
doppio immobilien gmbh,0.000316883203522407
galerie immobilien gmbh,0.0003057644946268839
ies immobilien-projektentwicklung gmbh,0.0003057644946268839
örag immobilien vermittlung gmbh,0.0003002051401791224
kibb immobilien gmbh,0.0003002051401791224
potere immobilien gmbh,0.0003002051401791224
avana real estate gmbh,0.0002946457857313609
aeterna immobilien gmbh,0.0002946457857313609
pluskota immobilien gmbh,0.00028908643128359936
wohngut bauträger gmbh,0.0002835270768358378
re/max trend,0.0002779677223880763
dwk die wohnkompanie,0.0002779677223880763
"jp immobilien / 1060 wien, lehargasse 7",0.0002779677223880763
stubenvoll immobilien,0.0002779677223880763
landaa immobilien gmbh,0.0002724083679403148
wi-re immobilienmakler,0.0002724083679403148
cl-immogroup gmbh,0.0002724083679403148
immorohr immobilien gmbh,0.00026684901349255326
remax-magic doris deutsch immobilien,0.00026684901349255326
dimag - die immobilienagentur gmbh,0.00025017095014926864
ticon immobilienservice,0.00024461159570150716
göttlicher immobilienmanagement gmbh,0.00024461159570150716
johannes m. pokorny immobilientreuhand e.u.,0.00024461159570150716
wohnquelle gmbh,0.00023905224125374562
kirschner immo gmbh,0.00023905224125374562
wohncloud immobilien gmbh,0.00023905224125374562
carma & partner gmbh,0.00023349288680598408
real immo wien immobilientreuhand - inh. gerald frank,0.00023349288680598408
crown consulting gmbh,0.00023349288680598408
wohnsalon immobilien gmbh,0.00023349288680598408
t19-re real estate gmbh & co kg,0.00022793353235822257
deba bauträger gesellschaft m.b.h.,0.00022793353235822257
zödi immobilien gmbh,0.00022237417791046103
p.kornherr immobilien gmbh,0.00022237417791046103
betterhomes real gmbh,0.00022237417791046103
emh höller immobilien og,0.00022237417791046103
gri gebrüder riha immobilien gmbh,0.00022237417791046103
rudi dräxler immobilientreuhand gesmbh,0.00022237417791046103
a.m.t. immobilien,0.00022237417791046103
fifu24 immobilien gmbh,0.00022237417791046103
realto immobilien gmbh,0.00021681482346269952
home & finance immobilien & finanzmanagement fallmann kg,0.00021681482346269952
so & co gmbh,0.00021681482346269952
wohnkader gmbh,0.00021681482346269952
imv immobilienmakler,0.00021681482346269952
wbg wohnen und bauen gesellschaft m.b.h. wien,0.00021681482346269952
klein&partner immobilen gmbh,0.00021125546901493798
rustler immobilientreuhand,0.00021125546901493798
immoschmiede gmbh,0.00021125546901493798
advanta - immobilienvermittlungs gmbh,0.00020569611456717647
"bws gemeinnützige allgemeine bau-, wohn- und siedlungsgenossenschaft registrierte genossenschaft mit beschränkter haftung",0.00020569611456717647
kaltenegger realitäten gmbh,0.00020013676011941493
immomaster ildiko pari,0.00020013676011941493
valorous gmbh - valorous immobilien,0.00020013676011941493
heilig immobilien gmbh,0.00020013676011941493
nestor immobilien gmbh & co kg,0.00019457740567165342
kostner immobilien gmbh,0.00019457740567165342
smartselect gmbh,0.00019457740567165342
mroom immobilien gmbh,0.00018901805122389188
vigo immobilien gmbh,0.00018901805122389188
bip immobilien development gmbh,0.00017789934232836883
golden home real ltd & co kg,0.00017789934232836883
re/max first / rem immobilienmakler gesmbh & co kg,0.00017789934232836883
kd immobilien gmbh,0.00017789934232836883
firma helmut strempfl e. u./ helmut strempfl immomakler gmbh,0.00016678063343284578
asw immobilien service & consulting gmbh,0.00016678063343284578
stanzel & co wohnungs- und geschäftsvermittlung gmbh,0.00016122127898508424
ar austreal immobilien e.u.,0.00016122127898508424
hubner immobilien gmbh,0.00016122127898508424
immobilienjäger,0.00016122127898508424
rössler gebäudemanagement gmbh,0.00016122127898508424
klasan & partner immobilien gmbh & co kg,0.00016122127898508424
greg immo gmbh,0.00016122127898508424
avantgarde properties gmbh / ernst karoly,0.00016122127898508424
riiil estate gmbh,0.00015566192453732273
hansy gmbh,0.00015566192453732273
re/max real experts / immobilien lifetime gmbh,0.00015566192453732273
strabag real estate gmbh,0.00015566192453732273
mcmakler gmbh,0.00015566192453732273
liv immobilienvermarktung gmbh,0.0001501025700895612
seifert real gmbh,0.0001501025700895612
wertimmobilien consulting kg,0.0001501025700895612
diemaklerei immobilientreuhand gmbh,0.00014454321564179968
teamneunzehn.at mein immobilienberater gmbh,0.00014454321564179968
schwarzenberg immobilien og,0.00014454321564179968
re/max together / kippis gmbh,0.00014454321564179968
consulting company immobilien gmbh,0.00013898386119403814
equilibria immobilienmanagement gmbh & co kg,0.00013898386119403814
"lind immobilien gmbh / 1150 wien, mariahilfer straße 167/12",0.00013898386119403814
aurelium real estate gmbh,0.00013342450674627663
immobilien krammer,0.00013342450674627663
liechtensteinische landesbank (österreich) ag,0.00013342450674627663
gb-direkt finanzberatung & immobilienhandel gmbh,0.0001278651522985151
austria real gmbh,0.0001278651522985151
mittelsmann philipp sulek gmbh,0.0001278651522985151
immo concept og,0.0001278651522985151
prima service ps immobilien,0.0001278651522985151
von poll immobilien wien - 1. bezirk,0.00012230579785075358
polaris real estate experts gmbh,0.00012230579785075358
"noe immobilien development gmbh / rennbahnstraße 2, 3100 st. pölten",0.00012230579785075358
kalandra immobilien / robert kalandra e. u.,0.00012230579785075358
immotrading gmbh,0.00012230579785075358
skylead real gmbh - wien,0.00012230579785075358
confido immobilien gmbh,0.00011674644340299204
ulreich bauträger gmbh,0.00011674644340299204
arwag immobilientreuhand gesellschaft m.b.h.,0.00011674644340299204
michael leber immobilien gmbh & co. kg,0.00011118708895523052
michael leber immobilien gmbh & co kg,0.00011118708895523052
myimmo gmbh,0.00011118708895523052
von foest immobilien gmbh,0.00010562773450746899
neureal gmbh,0.00010562773450746899
poh gmbh,0.00010562773450746899
aurelie immobilien - aurez immobilien gmbh,0.00010562773450746899
auritas finanzmanagement gmbh,0.00010562773450746899
re/max first / twentytwo immobilienvermittlung gmbh,0.00010562773450746899
pi1 prime,0.00010006838005970747
apa die bessermacher gmbh,0.00010006838005970747
immovent gmbh,0.00010006838005970747
agoreal immobilien ges.m.b.h,0.00010006838005970747
d.e.i.n. immobilien gmbh,9.450902561194594e-05
wienraum immobilien,9.450902561194594e-05
2 living roha immobilien gmbh,9.450902561194594e-05
marker immobilien gmbh,9.450902561194594e-05
id immo-dealer e.u,9.450902561194594e-05
wision home gmbh,9.450902561194594e-05
gulz & partner property investment gmbh,9.450902561194594e-05
wiener privatbank immobilien gmbh,9.450902561194594e-05
rt immobilien mag. buchwieser & kofler gmbh,9.450902561194594e-05
ekazent management gmbh,9.450902561194594e-05
bereswill immobilien gmbh,9.450902561194594e-05
kt fine living gmbh,8.894967116418441e-05
"zellmann immobilien gmbh | ""der verlässliche partner rund um ihre immobilie""",8.894967116418441e-05
manuel hacker realconsult gmbh,8.894967116418441e-05
16east real estate gmbh,8.894967116418441e-05
realkanzlei hildegard mayerl / pächterin eva krulis gmbh,8.894967116418441e-05
accenta immobilien e.u.,8.894967116418441e-05
kokron immobilien e.u.,8.894967116418441e-05
hand gmbh,8.894967116418441e-05
rpi real gmbh,8.894967116418441e-05
22 attemsgasse 44 immo gmbh,8.339031671642289e-05
helion immobilien beteiligung gmbh,8.339031671642289e-05
georg fresacher-the real estate-immobilienmakler gmbh,8.339031671642289e-05
heribert fritzsche e.u.,8.339031671642289e-05
immo-real gmbh,8.339031671642289e-05
trend immobilien,8.339031671642289e-05
dfi - immobilientreuhand & financial consulting gmbh,8.339031671642289e-05
arimmo real estate gmbh,7.783096226866136e-05
estoria real estate gmbh,7.783096226866136e-05
real immobilien treuhand gmbh,7.783096226866136e-05
re/max emotion in wien-penzing / mcz immobilien gmbh,7.783096226866136e-05
re/max wien-donaustadt / donau-city-immobilien fetscher&partner gmbh&co kg,7.783096226866136e-05
johann lehner baugesellschaft m.b.h.,7.783096226866136e-05
db immobilien,7.783096226866136e-05
aes consulting gmbh,7.783096226866136e-05
j&h immobilien gmbh,7.783096226866136e-05
immolution gmbh,7.783096226866136e-05
adalbert kubicek gmbh,7.783096226866136e-05
s real grieskirchen,7.227160782089984e-05
wb immo gmbh,7.227160782089984e-05
nagy immobilien gmbh,7.227160782089984e-05
lenikus immobilien gmbh,7.227160782089984e-05
pecosa property gmbh,7.227160782089984e-05
"fischer, hörnisch immobilien gmbh",7.227160782089984e-05
re/max wien-donaustadt / re/max donau-city-immobilien fetscher & partner gmbh & co kg,7.227160782089984e-05
trattner und söhne immobilien gmbh,6.671225337313831e-05
brezina immobilien inh. ulrike höreth b.a.,6.671225337313831e-05
topak & partner gmbh,6.671225337313831e-05
wohntastic gmbh,6.671225337313831e-05
c&p immobilien ag,6.115289892537679e-05
red real estates development bauträger und immobilien gmbh,6.115289892537679e-05
jan-bau immobilien ges.m.b.h.,6.115289892537679e-05
re/max elite / dci fetscher & partner gmbh co kg,6.115289892537679e-05
friends immobilien gmbh,6.115289892537679e-05
immobilienwelt leiner,6.115289892537679e-05
immobilien mörtl gesmbh,6.115289892537679e-05
maison realitäten vermittlungs- und verwaltungsgesmbh.,6.115289892537679e-05
herztraum immobilientreuhand gmbh,6.115289892537679e-05
immo profile | job profile gmbh,6.115289892537679e-05
marlies muhr immobilien gmbh,5.559354447761526e-05
tirox immobilienverwaltung gmbh,5.559354447761526e-05
chalupa immobilien services gmbh,5.559354447761526e-05
re/max gold / immobilien corner kg,5.559354447761526e-05
immometer immobilieninvest gmbh,5.559354447761526e-05
real treuhand immobilien vertriebs gmbh filiale wien,5.559354447761526e-05
ikw immokontakt wohnideen gmbh,5.559354447761526e-05
ifin immobilien gmbh,5.559354447761526e-05
ev immobilien gmbh,5.559354447761526e-05
afs immobilien gmbh,5.559354447761526e-05
gottlieb properties immobilientreuhand gmbh,5.559354447761526e-05
re/max 4you in wien-hernals / be & ko immoverwertungsges.m.b.h,5.003419002985373e-05
re/max elite / dci fetscher & partner gmbh & co kg,5.003419002985373e-05
weinblatt-oppel immobilien,5.003419002985373e-05
re/max together / amber consult gmbh,5.003419002985373e-05
teo immobilien gmbh,5.003419002985373e-05
netmakler,5.003419002985373e-05
imraum immobilien gmbh,5.003419002985373e-05
bogner immobilien gmbh,5.003419002985373e-05
abra ic gmbh,5.003419002985373e-05
immofreude e.u.,5.003419002985373e-05
savoir vivre services gmbh,5.003419002985373e-05
mautner markhof immobilien,5.003419002985373e-05
swiss life select österreich gmbh,5.003419002985373e-05
bri immobilienmakler gmbh,5.003419002985373e-05
bauwerk immobilien gmbh,5.003419002985373e-05
artedomus,5.003419002985373e-05
re/max first / mattes-grinaphidis immobilien,5.003419002985373e-05
eb immobilienvermittlungs kg,5.003419002985373e-05
saqura immobilien gmbh,5.003419002985373e-05
vermehrt gmbh,5.003419002985373e-05
lizak und partner gmbh,5.003419002985373e-05
awz immo-invest gmbh u. co kg,5.003419002985373e-05
pawlowski immobilien e.u,5.003419002985373e-05
moo immobilien gmbh,4.447483558209221e-05
4immobilien gmbh,4.447483558209221e-05
aresco immobilien gmbh,4.447483558209221e-05
cri projektentwicklung & immobilienmanagement gmbh,4.447483558209221e-05
re/max favorit / donau-city-immobilien fetscher & partner gmbh & co kg,4.447483558209221e-05
assimmo gmbh,4.447483558209221e-05
bonreal immobilienvermittlung gmbh,4.447483558209221e-05
lorenz real construct immobilien gmbh,4.447483558209221e-05
prisma,4.447483558209221e-05
midstone immobilien gmbh,4.447483558209221e-05
dr. mannlicher immobilien gmbh,4.447483558209221e-05
make of home vienna - real estate gmbh,4.447483558209221e-05
immobilienquartier,4.447483558209221e-05
altenburg realitäten gmbh & co kg,4.447483558209221e-05
domo gebäudeverwaltungs- und realitätengesellschaft m.b.h.,3.891548113433068e-05
re/max favorit / fetscher & partner gmbh & co kg,3.891548113433068e-05
immowox gmbh,3.891548113433068e-05
de icco immobilien,3.891548113433068e-05
smk immo treuhand gmbh,3.891548113433068e-05
wiener heim wohnbaugesellschaft m.b.h,3.891548113433068e-05
immodienst immobilienservice ges.mbh,3.891548113433068e-05
immobilien sabine klein e.u.,3.891548113433068e-05
donnerbauer immobilien gmbh,3.891548113433068e-05
rhomberg bau gmbh,3.891548113433068e-05
immo stabil gmbh,3.891548113433068e-05
s real - st. pölten,3.891548113433068e-05
invest real gmbh,3.891548113433068e-05
immobilien ribarits og,3.891548113433068e-05
johanna bauer,3.891548113433068e-05
immoeko e.u,3.891548113433068e-05
re/max solutions in wien 1 / probszt immobilientreuhand gmbh,3.891548113433068e-05
re/max mödling / dci fetscher & partner gmbh & co kg,3.891548113433068e-05
wolke 7 immobilien,3.891548113433068e-05
mag. bäuml & partner immobilientreuhand gmbh,3.891548113433068e-05
spiegelfeld immobilien gmbh,3.335612668656916e-05
dr. alexandra gabriel realitätenvermittlungsgesellschaft m.b.h.,3.335612668656916e-05
dachraum gmbh,3.335612668656916e-05
the one - home above,3.335612668656916e-05
"convival immobilien im auftrag von gezi immobilienvermittlung, inh. gregor zimmel",3.335612668656916e-05
real3 immobilien gmbh,3.335612668656916e-05
harald schippl-immobilien e.u.,3.335612668656916e-05
4immobilien,3.335612668656916e-05
pagoni immobilien e.u.,3.335612668656916e-05
epi erich podstatny e.u.,3.335612668656916e-05
haberkorn immobilien,3.335612668656916e-05
plenus immobilien gmbh,3.335612668656916e-05
tatjana grinninger immobilien,3.335612668656916e-05
immobilien stütz,3.335612668656916e-05
kuttenberger makler gmbh,3.335612668656916e-05
friends immobilien list gmbh,3.335612668656916e-05
kratzer immobilien og,3.335612668656916e-05
immo-gith gmbh,3.335612668656916e-05
favorite immobilientreuhand gmbh,3.335612668656916e-05
zeitwert immobilien e.u.,2.779677223880763e-05
stolz immobilien gmbh,2.779677223880763e-05
realis consulting gmbh,2.779677223880763e-05
per.fact immo e.u.,2.779677223880763e-05
juni immobilien gmbh,2.779677223880763e-05
re/max vital / wolfgang stern immobilien e.u.,2.779677223880763e-05
wohnen & wert,2.779677223880763e-05
eigenheimreal,2.779677223880763e-05
immobilientreuhand wohn quadrat e.u.,2.779677223880763e-05
oberbank immobilien-service gesmbh,2.779677223880763e-05
hacker & partner gmbh,2.779677223880763e-05
sophie's real estate gmbh,2.779677223880763e-05
zakaryan & partner,2.779677223880763e-05
mkr real-consulting gmbh,2.779677223880763e-05
hübl & partner immobilientreuhand gmbh,2.779677223880763e-05
lagun realitäten gmbh,2.779677223880763e-05
s real - korneuburg (termine nach vereinbarung),2.779677223880763e-05
immotura consulting gmbh,2.779677223880763e-05
simplicity immobilien gmbh,2.779677223880763e-05
börner ihr hausmakler gmbh,2.779677223880763e-05
wohnen & wert realitätenvermittlung gmbh,2.779677223880763e-05
s real wiener neustadt / 20224,2.779677223880763e-05
anobis immobilien gmbh,2.779677223880763e-05
schober real immobilienvermittlungsgmbh | immobilienvermittlung,2.779677223880763e-05
first-class realitäten gmbh,2.779677223880763e-05
rvc immobilien gruppe,2.779677223880763e-05
immobilien rabas,2.779677223880763e-05
firma immosan immobilien gesmbh,2.779677223880763e-05
re/max wien-donaustadt / donau-city-immobilien fetscher & partner gmbh & co kg,2.779677223880763e-05
lucky home immobilien kg,2.779677223880763e-05
michael bajer immobilien,2.779677223880763e-05
maxim handels gmbh,2.779677223880763e-05
res immobilienverwaltung gmbh,2.779677223880763e-05
global real partners gmbh,2.779677223880763e-05
re/max favorit / dci fetscher & partner gmbh & co kg,2.779677223880763e-05
klausberger immobilien gmbh,2.779677223880763e-05
römer real gmbh,2.779677223880763e-05
brucer immobilen e.u.,2.779677223880763e-05
stibi immobilien gmbh,2.779677223880763e-05
1mmo mk gmbh & co kg - first immo,2.779677223880763e-05
tmu-realitäten,2.779677223880763e-05
re/max favorit / re/max dci fetscher & partner gmbh & co kg,2.779677223880763e-05
cardo immobilienvermittlung gmbh,2.779677223880763e-05
re/max dreams in wien-floridsdf. / immo21 gmbh & co kg,2.779677223880763e-05
mag.(fh) andreas willmann immobilien,2.779677223880763e-05
quin properties gmbh & co kg,2.2237417791046104e-05
wvv immobilien gmbh,2.2237417791046104e-05
z² zischka immobilien gmbh,2.2237417791046104e-05
mag. pfeifer immobilien gmbh.,2.2237417791046104e-05
lauchard immobilien e.u.,2.2237417791046104e-05
pro immobilien gmbh & co kg / pro immobilien gmbh & co kg,2.2237417791046104e-05
thomas immobilientreuhand gmbh,2.2237417791046104e-05
turpin immobilien treuhand,2.2237417791046104e-05
christian steinhoff,2.2237417791046104e-05
dr. koch traumrealitäten / 132,2.2237417791046104e-05
katharina ertl immobilien,2.2237417791046104e-05
valerto gmbh,2.2237417791046104e-05
gohn immobilien gmbh,2.2237417791046104e-05
roderick scherer immobilien gmbh,2.2237417791046104e-05
j. rainer & partner immobilientreuhand gesmbh,2.2237417791046104e-05
re/max mödling / weinrother immobilien og,2.2237417791046104e-05
ic-makler,2.2237417791046104e-05
taheri immobilien,2.2237417791046104e-05
volpini-immobilien,2.2237417791046104e-05
plech & plech immobilien,2.2237417791046104e-05
webstar gmbh,2.2237417791046104e-05
eisele real kg,2.2237417791046104e-05
kr roland oeser immobilien gmbh,2.2237417791046104e-05
chimmo investment & relocation consulting gmbh,2.2237417791046104e-05
hofbauer & partner immobilien gmbh,2.2237417791046104e-05
dr. petter real estate,2.2237417791046104e-05
grabner immobilien,2.2237417791046104e-05
bm immobilien vermittlungs gmbh,2.2237417791046104e-05
rit - rihacek immobilien treuhand,2.2237417791046104e-05
maitz immobilientreuhand e.u.,2.2237417791046104e-05
felix immobilien e.u.,2.2237417791046104e-05
immobilientreuhand kriwanek kg,2.2237417791046104e-05
gruber-hager immobilien,2.2237417791046104e-05
mosam real estate gmbh,2.2237417791046104e-05
linhardt immobilien gmbh,2.2237417791046104e-05
concept for living immobilien e.u.,2.2237417791046104e-05
real treuhand immobilien vertriebs gmbh linz,2.2237417791046104e-05
orisich homes,2.2237417791046104e-05
tkr & partner gmbh,2.2237417791046104e-05
lehner & trompeter bauträger gmbh,2.2237417791046104e-05
steinbauer bau- und immobilientreuhand gmbh,2.2237417791046104e-05
re/max p&i in neusiedl/s. / bruneu kg,1.667806334328458e-05
ullrich-immo gmbh,1.667806334328458e-05
re/max living in wien-liesing / home sweet home immobilien gmbh,1.667806334328458e-05
karl krumpholz - immobilien,1.667806334328458e-05
orea,1.667806334328458e-05
nis immobilien gmbh,1.667806334328458e-05
gabriele dürler new immobilien og,1.667806334328458e-05
erho immobilien e.u,1.667806334328458e-05
erko immobilien,1.667806334328458e-05
re/max harmony / wukovits immobilien kg,1.667806334328458e-05
olbrich immobilien,1.667806334328458e-05
hgh real gmbh,1.667806334328458e-05
drössler immobilien,1.667806334328458e-05
poth immobilien gmbh,1.667806334328458e-05
region nö süd und burgenland,1.667806334328458e-05
expat consulting real estate & relocation services gmbh,1.667806334328458e-05
feeling home immobilien,1.667806334328458e-05
objectconsult immobilientreuhand gmbh,1.667806334328458e-05
cruz immobilien gmbh,1.667806334328458e-05
lvs invest gmbh,1.667806334328458e-05
nitsch & pajor immobilien,1.667806334328458e-05
rocketreal gmbh,1.667806334328458e-05
schwarhofer planung & bau gmbh,1.667806334328458e-05
nr1-immomax / nr1.at,1.667806334328458e-05
altamira immobilien,1.667806334328458e-05
befirst immobilien gmbh,1.667806334328458e-05
lim - broker gmbh,1.667806334328458e-05
boubeva makler gmbh,1.667806334328458e-05
andreas moritzer real estate,1.667806334328458e-05
n & b real estate,1.667806334328458e-05
malloth valuation & consulting gmbh,1.667806334328458e-05
bm hofer realitäten gmbh,1.667806334328458e-05
amethyst real estate gmbh,1.667806334328458e-05
wohninvest gmbh,1.667806334328458e-05
frank immobilien gmbh,1.667806334328458e-05
badura immobilien gmbh,1.667806334328458e-05
"era team immobilienmanagement, res real estate services gmbh",1.667806334328458e-05
hofbauer immobilien,1.667806334328458e-05
homefinding.at - mag janauer & göllner gmbh,1.667806334328458e-05
berger braun immobilien gmbh,1.667806334328458e-05
ac wohnen * rp projektentwicklung gmbh,1.667806334328458e-05
krefina immobilien,1.667806334328458e-05
axiom immobilien gmbh,1.667806334328458e-05
vinlej og,1.667806334328458e-05
noblessereal karasinski kg,1.667806334328458e-05
sr selected realproject gmbh,1.667806334328458e-05
immohr,1.667806334328458e-05
penz immobilien gmbh,1.667806334328458e-05
topcall immobilientreuhand gmbh,1.667806334328458e-05
address immobilien gmbh,1.667806334328458e-05
legler real,1.667806334328458e-05
immorist gmbh,1.667806334328458e-05
bestreal® immobilienconsulting gmbh,1.667806334328458e-05
die immobilie beratungs- und vermittlungs gmbh,1.667806334328458e-05
traumimmobilien.at - engl immobilien gmbh,1.667806334328458e-05
immo - leben og,1.667806334328458e-05
7elements real estate gmbh,1.667806334328458e-05
imero gmbh,1.667806334328458e-05
aps immobilien gmbh,1.667806334328458e-05
altamonte gmbh,1.667806334328458e-05
fuhrmann immobilientreuhand e.u.,1.667806334328458e-05
"rustler immobilientreuhand / hauptstraße 81, 2340 mödling",1.667806334328458e-05
3fach immobilien og,1.667806334328458e-05
k. bauer immobilien gmbh,1.667806334328458e-05
re/max inspire / cala immobilien gmbh,1.667806334328458e-05
peter hack immobilien,1.667806334328458e-05
brigitte handler immobilien consulting,1.1118708895523052e-05
catch your home,1.1118708895523052e-05
bamberger immobilien consulting gmbh,1.1118708895523052e-05
nowak group gmbh,1.1118708895523052e-05
immogrand gmbh,1.1118708895523052e-05
mueldenberg immobilien e.u.,1.1118708895523052e-05
schein & partner gmbh & co kg,1.1118708895523052e-05
re/max first / ursula rapottnig immobilien,1.1118708895523052e-05
burg immobilien - venera gmbh,1.1118708895523052e-05
re/max dynamic / franz zöchmeister immobilien,1.1118708895523052e-05
immobilien86 kg,1.1118708895523052e-05
artedomus.,1.1118708895523052e-05
baoab - immobilien,1.1118708895523052e-05
immovob gmbh,1.1118708895523052e-05
homeland immobilien gmbh,1.1118708895523052e-05
posch immobilien,1.1118708895523052e-05
kalas immobilien gmbh,1.1118708895523052e-05
era riener real immobilien e.u.,1.1118708895523052e-05
pradium immobilien gmbh & co kg,1.1118708895523052e-05
i.p.v. immobilien projekte & verkauf gmbh,1.1118708895523052e-05
z-immobilien gmbh,1.1118708895523052e-05
von stein immobilien gmbh,1.1118708895523052e-05
chromecek & partner immobilienberatung gesmbh,1.1118708895523052e-05
fairwert consulting gmbh,1.1118708895523052e-05
"""vivu financial consulting group"" eine initiative der bag consulting gmbh",1.1118708895523052e-05
heigl immobilien gmbh,1.1118708895523052e-05
metz real estate,1.1118708895523052e-05
dpi - dietmar pirker immobilien,1.1118708895523052e-05
walter immobilien,1.1118708895523052e-05
re/max first / firma mag. martin f. kny,1.1118708895523052e-05
re/max future in enns / future immobilien gmbh,1.1118708895523052e-05
fh-real gmbh immobilienkanzlei,1.1118708895523052e-05
warestone immobilien gmbh,1.1118708895523052e-05
re/max welcome in baden / hornyik immobilienmakler gmbh&cokg,1.1118708895523052e-05
brehm immobilien gmbh,1.1118708895523052e-05
realbüro sabine steinecker,1.1118708895523052e-05
j. u. e. wild immobilientreuhänder gmbh,1.1118708895523052e-05
re/max limes / bruneu kg,1.1118708895523052e-05
realpartners ing. andreas wollein,1.1118708895523052e-05
mimaz immobilien e.u.,1.1118708895523052e-05
goldas immobilien kg,1.1118708895523052e-05
mmi mario molnar immobilienberatung e.u.,1.1118708895523052e-05
alon immobilien gmbh,1.1118708895523052e-05
hada real,1.1118708895523052e-05
peschak immobilien gmbh,1.1118708895523052e-05
re/max welcome in baden / hornyik immobilienmakler gmbh & cokg,1.1118708895523052e-05
m f immobilien consulting gmbh,1.1118708895523052e-05
re/max real experts / wohnberatung gmbh,1.1118708895523052e-05
altstadtreal hausverwaltungs- und immobilienvermittlungsgesellschaft m.b.h.,1.1118708895523052e-05
r2r real estate gmbh,1.1118708895523052e-05
pro home immobilien gmbh,1.1118708895523052e-05
m&r immobilien og,1.1118708895523052e-05
delta domus og,1.1118708895523052e-05
mag. fritz real,1.1118708895523052e-05
fröschl real estate og,1.1118708895523052e-05
happyimmo gmbh,1.1118708895523052e-05
avi allfinanz vorsorge immobilien gmbh,1.1118708895523052e-05
immventure real estate gmbh,1.1118708895523052e-05
era® avias gmbh member of real estate services,1.1118708895523052e-05
uni-real estate gmbh,1.1118708895523052e-05
portal immobilienvermittlung gmbh,1.1118708895523052e-05
re/max style / bruneu kg,1.1118708895523052e-05
gurschler & gurschler immobilien,1.1118708895523052e-05
real vision immobilien,1.1118708895523052e-05
vivet immobilien treuhand gmbh,1.1118708895523052e-05
re/max best in mistelbach / nuva gmbh,1.1118708895523052e-05
heissenberger & partner immobilien gmbh,1.1118708895523052e-05
hillinger immobilien gmbh,1.1118708895523052e-05
wissiak + partner immobilientreuhand og,1.1118708895523052e-05
essential real gmbh,1.1118708895523052e-05
immobilien horvath beteiligung und vermittlung premium properties & development,1.1118708895523052e-05
immcon gmbh immobilien consulting,1.1118708895523052e-05
shiraze-bau gmbh,1.1118708895523052e-05
dr. koch traumrealitäten,1.1118708895523052e-05
immolöwin gmbh,1.1118708895523052e-05
alpha-domizil e. u.,1.1118708895523052e-05
mcr immobilien e.u.,1.1118708895523052e-05
re/max tulln-purkersdorf / re/max dci fetscher & partner gmbh & co kg,1.1118708895523052e-05
"re/max living in wien-liesing / robert habel, staatl. gepr. immobilienmakler",1.1118708895523052e-05
apimmo eine unternehmung der anlageplus gmbh,1.1118708895523052e-05
fh-real gmbh,1.1118708895523052e-05
wertheimer immobilien,1.1118708895523052e-05
zelzer immobilien,1.1118708895523052e-05
dream immobilien real estate gmbh,1.1118708895523052e-05
ak sonnen immobilien gmbh,1.1118708895523052e-05
suchagents at gmbh,1.1118708895523052e-05
residence wohnbau gmbh,1.1118708895523052e-05
mag. gabriela paumgartner,1.1118708895523052e-05
u. vellusig gmbh,1.1118708895523052e-05
polke & partner immobilientreuhand,1.1118708895523052e-05
cee/china trade and brokerage consulting gmbh,1.1118708895523052e-05
wertimmobilien consulting kg - verwaltung,1.1118708895523052e-05
mariosreal immobilie e.u,1.1118708895523052e-05
vires real solutions gmbh,1.1118708895523052e-05
jk immobilien,1.1118708895523052e-05
ecid e.u. education consulting & immobilien development,1.1118708895523052e-05
satzer immobilientreuhand e.u.,1.1118708895523052e-05
s.d. immobilien inhaberin kr silvia dubkowitsch,1.1118708895523052e-05
damar real estate e.u.,1.1118708895523052e-05
kompagnon immobilien gmbh,5.559354447761526e-06
lorenz immobilienmakler kg,5.559354447761526e-06
prime invest immobilien- und vermögensberatung gmbh,5.559354447761526e-06
re/max moving in horn / aschauer gmbh,5.559354447761526e-06
viemmo real estate gmbh,5.559354447761526e-06
rist immobilien consulting,5.559354447761526e-06
gross & klein immobilien gmbh,5.559354447761526e-06
viennareal immobilienmanagement gmbh,5.559354447761526e-06
my vienna immo gmbh,5.559354447761526e-06
katrin erhart real estate & property e.u.,5.559354447761526e-06
wki immobilien gmbh,5.559354447761526e-06
greber-agency e.u.,5.559354447761526e-06
hönigschnabel immobilien gmbh,5.559354447761526e-06
engl realitäten gmbh,5.559354447761526e-06
dk realitäten gmbh,5.559354447761526e-06
aira development group gmbh,5.559354447761526e-06
till wohnungsrenovierungs- und vermietungs- gmbh,5.559354447761526e-06
eurea real estates gmbh,5.559354447761526e-06
radakovits immo gmbh,5.559354447761526e-06
immoflair - partner der cl-immogroup,5.559354447761526e-06
immobiliaris gmbh,5.559354447761526e-06
immobilientreuhand kluger / realkanzlei,5.559354447761526e-06
immobilia obergruber gmbh,5.559354447761526e-06
martina wasserbauer immobilien e.u.,5.559354447761526e-06
vetus international gmbh,5.559354447761526e-06
opernreal e.u.,5.559354447761526e-06
re/max dynamic / puschert immobilien,5.559354447761526e-06
nitsch & pajor immobilien og,5.559354447761526e-06
conzeptio immobilien gmbh,5.559354447761526e-06
"re/max dynamic / re/max dci, fetscher & partner gmbh & co kg",5.559354447761526e-06
klebl immobilien gmbh,5.559354447761526e-06
dr. k. u. s. grigkar immobilienverwaltungsgesellschaft m.b.h.,5.559354447761526e-06
immo-aktiv liegenschaftsverwertung gmbh,5.559354447761526e-06
kmw immobilien gmbh,5.559354447761526e-06
0800 immobilienvermietung & verkauf gmbh,5.559354447761526e-06
selected homes mag. maja eggenberger,5.559354447761526e-06
österreichisches volkswohnungswerk gem. gesellschaft m.b.h.,5.559354447761526e-06
kahler real gmbh,5.559354447761526e-06
cci immobilienentwicklung gmbh,5.559354447761526e-06
median capital real estate brokerage gmbh,5.559354447761526e-06
hier zuhause e.u.,5.559354447761526e-06
hm kaiser & partner immobilien kg,5.559354447761526e-06
da vinci group,5.559354447761526e-06
altera real estate gmbh,5.559354447761526e-06
wiederkehr consulting gmbh,5.559354447761526e-06
fischerimmo gmbh,5.559354447761526e-06
aom verwaltung & vertrieb gmbh,5.559354447761526e-06
phil und partner immobilien gmbh,5.559354447761526e-06
immobilien georg slawik,5.559354447761526e-06
rené pöllmann immobilien gmbh,5.559354447761526e-06
haus-frau immobilien,5.559354447761526e-06
immotop realitäten gmbh,5.559354447761526e-06
property immobilienhandels gesmbh,5.559354447761526e-06
hendrich real estate gmbh,5.559354447761526e-06
mag. ludwig happenhofer - versicherungsagentur immobilienmakler,5.559354447761526e-06
bischof immobilien ges.m.b.h,5.559354447761526e-06
raum real immobilien gmbh,5.559354447761526e-06
real360 immobilien gmbh,5.559354447761526e-06
gelas immobilien gmbh,5.559354447761526e-06
bsc immobilien,5.559354447761526e-06
w7 immobilien i wertwerkstatt immobilienhandel gmbh,5.559354447761526e-06
dominik immobilien,5.559354447761526e-06
realitäten perkonig immobilientreuhand kg,5.559354447761526e-06
viason immobilien,5.559354447761526e-06
engel & völkers wien commercial,5.559354447761526e-06
immobilienbüro dr. fitzka,5.559354447761526e-06
irt broker management gmbh immonation,5.559354447761526e-06
meilenstein realitäten gmbh,5.559354447761526e-06
eisler immobilien gmbh,5.559354447761526e-06
2m immobilien e.u.,5.559354447761526e-06
landhaus immobilien,5.559354447761526e-06
peter wuk gesmbh,5.559354447761526e-06
riepl pascal immobilien gmbh,5.559354447761526e-06
niki ochsenhofer,5.559354447761526e-06
wunderlich immobilien-treuhand ges.m.b.h.,5.559354447761526e-06
herar immobilien,5.559354447761526e-06
immobilien & co,5.559354447761526e-06
adastra immobilien - wmkm opfermann e.u.,5.559354447761526e-06
danube property consulting immobilien gmbh,5.559354447761526e-06
real treuhand immobilien vertriebs gmbh filiale schärding,5.559354447761526e-06
sitarz & partner immobilien gmbh,5.559354447761526e-06
swietelsky ag,5.559354447761526e-06
k&k immobilien di wittmann gmbh,5.559354447761526e-06
js home immobilienbroker gmbh,5.559354447761526e-06
re/max harmony / franz wukovits,5.559354447761526e-06
thomas frey immobilien,5.559354447761526e-06
"delta immobilien verwaltungs,- verwertungs und vermittlungs- gesellschaft m.b.h.",5.559354447761526e-06
re/max plus in st. pölten / schlögl immobilienvermittlung og,5.559354447761526e-06
wurth immobilien gmbh,5.559354447761526e-06
topas immoreal,5.559354447761526e-06
gottesheim immobilien gmbh,5.559354447761526e-06
gk immo,5.559354447761526e-06
pricma immobilienberatung e.u.,5.559354447761526e-06
moeller real gmbh,5.559354447761526e-06
cb living immobilien gmbh,5.559354447761526e-06
jukl immobilientreuhand - christian jukl immobilien,5.559354447761526e-06
immostar gmbh,5.559354447761526e-06
filek immobilien,5.559354447761526e-06
hepic immobilien service gmbh,5.559354447761526e-06
immobilienring gmbh,5.559354447761526e-06
hierwohnich immobilien gmbh,5.559354447761526e-06
apex - immobilien treuhand gesmbh,5.559354447761526e-06
immobilien dr. kepplinger,5.559354447761526e-06
keyliving gmbh,5.559354447761526e-06
petronijevic gmbh,5.559354447761526e-06
winter immobilien & investments,5.559354447761526e-06
sedlak immobilien,5.559354447761526e-06
z-plus immobilien e.u.,5.559354447761526e-06
brunhilde körbler immobilien,5.559354447761526e-06
immokontor - srnka e.u.,5.559354447761526e-06
knoll immobilien,5.559354447761526e-06
sattmann immobilien,5.559354447761526e-06
katja blach immobilien,5.559354447761526e-06
waldviertel immobilien vermittlung ges.m.b.h.,5.559354447761526e-06
bieber immobilien gmbh,5.559354447761526e-06
petritsch immobilien gmbh,5.559354447761526e-06
1a liegenschaft gmbh,5.559354447761526e-06
mein grund und boden immobilienentwicklung gmbh,5.559354447761526e-06
colonia management gmbh,5.559354447761526e-06
re real esthetiques gmbh,5.559354447761526e-06
rego immo gmbh,5.559354447761526e-06
k & k riskmanagement gmbh & co,5.559354447761526e-06
campo real immobilien wiedermayer gmbh,5.559354447761526e-06
immobilientreuhand uhlir,5.559354447761526e-06
be real immobilien gmbh,5.559354447761526e-06
ja maklerei gmbh,5.559354447761526e-06
arthur real gmbh,5.559354447761526e-06
matthäus immobilienbesitz und beteiligungs gmbh,5.559354447761526e-06
bbb zeta projekt gmbh,5.559354447761526e-06
köck immobilien gmbh,5.559354447761526e-06
real24 immobilien verwertung u vermittlung gmbh,5.559354447761526e-06
ims immobilien molnar susanne,5.559354447761526e-06
"""aktuell"" immobilien gmbh",5.559354447761526e-06
yes immobilien gmbh,5.559354447761526e-06
immobilien enzenberg,5.559354447761526e-06
thurn & bauer hv gmbh,5.559354447761526e-06
repcon immobilien gmbh,5.559354447761526e-06
fürstenallee immobilien dr. stocker & partner kg,5.559354447761526e-06
d&p immobilienmanagement gmbh,5.559354447761526e-06
pure immobilien gmbh,5.559354447761526e-06
sew immo gmbh,5.559354447761526e-06
immobilientreuhandkanzlei gerhard kager gmbh,5.559354447761526e-06
re/max capital,5.559354447761526e-06
volpini immobilientreuhand,5.559354447761526e-06
lichtl realitätenvermittlungs og,5.559354447761526e-06
dr. patrick f. proché immobilien,5.559354447761526e-06
angst bauträger gmbh,5.559354447761526e-06
palank immobilien gmbh,5.559354447761526e-06
b.a.r! immobilien & verwaltungs ges.m.b.h,5.559354447761526e-06
vialibre immobilien gmbh,5.559354447761526e-06
best place immo bpi gmbh,5.559354447761526e-06
"michael zlabinger immobilien / hollabrunnerstr.44, 2014 breitenwaida",5.559354447761526e-06
georg zielbauer ohg,5.559354447761526e-06
nikolaus klee e.u.,5.559354447761526e-06
grande immobilien gmbh,5.559354447761526e-06
holzwohnen gmbh,5.559354447761526e-06
starreal og,5.559354447761526e-06
nisko immobilien e.u.,5.559354447761526e-06
caelia makler gmbh,5.559354447761526e-06
fre.e immobilientreuhand | eric freiberger immobilien,5.559354447761526e-06
friedrich beinhauer gesmbh,5.559354447761526e-06
rinareal immobilien entwicklungs- und vermarktungsgesellschaft mbh,5.559354447761526e-06
heiku immobilien ges.m.b.h,5.559354447761526e-06
ordea service gmbh,5.559354447761526e-06
mm immobilien im mittelpunkt,5.559354447761526e-06
